,n_agents,tax
0,200,0.0
1,200,0.4821989881957368
2,200,0.4738270971177796
3,200,0.4709198697836436
4,200,0.47490185354443226
5,200,0.47468664854227655
6,200,0.47185637225657895
7,200,0.46837436871536275
8,200,0.47100860489716284
9,200,0.4740599690805695
10,200,0.4804955625382882
11,200,0.47660522997700033
12,200,0.47206727992528796
13,200,0.46921950232041215
14,200,0.46280199480615375
15,200,0.46125021027566615
16,200,0.46893180578378446
17,200,0.46881410802189205
18,200,0.4528721784940888
19,200,0.45839928669344066
20,200,0.47076798763426253
21,200,0.4595806176714765
22,200,0.4747463169711173
23,200,0.48123976109624983
24,200,0.4750605383303677
25,200,0.4719074912254065
26,200,0.4715744741285504
27,200,0.4648916962999783
28,200,0.4676165552380319
29,200,0.4780132020871864
30,200,0.46169985205926495
31,200,0.46827680742224714
32,200,0.46272875012052733
33,200,0.4726231660764084
34,200,0.45918104426471595
35,200,0.4561632632340661
36,200,0.47938544787751247
37,200,0.4799947591569078
38,200,0.457413755629976
39,200,0.4656190799863329
40,200,0.4681522224542226
41,200,0.46731103168572213
42,200,0.4632257355277056
43,200,0.46019968191474725
44,200,0.4505490805829508
45,200,0.4495641738927906
46,200,0.47292275984803733
47,200,0.48136174214586097
48,200,0.4590935431518081
49,200,0.4631405145802302
50,200,0.4716428606352284
51,200,0.4729842217887157
52,200,0.45290230687055616
53,200,0.4566757949258188
54,200,0.4625970531788894
55,200,0.4571884528960581
56,200,0.4582100552710429
57,200,0.46262487547394276
58,200,0.4591340069136234
59,200,0.4706732117863108
60,200,0.46497742313393137
61,200,0.47816122580775755
62,200,0.45540933040925347
63,200,0.470837750534081
64,200,0.4713115204914997
65,200,0.4742580663144335
66,200,0.4722213730716066
67,200,0.4662162143612676
68,200,0.4681965690080866
69,200,0.46994152619904195
70,200,0.46696091208634877
71,200,0.45415200493055274
72,200,0.4690192734851247
73,200,0.467858115541409
74,200,0.4617039098207276
75,200,0.46146818930656835
76,200,0.45969247738027513
77,200,0.47738352057050276
78,200,0.47932577304825125
79,200,0.45776205213401033
80,200,0.465656648417188
81,200,0.47296319992331504
82,200,0.46938524026249934
83,200,0.4724344899609347
84,200,0.47018787619806474
85,200,0.46464981739360145
86,200,0.4473944932858026
87,200,0.4667573533107548
88,200,0.4749663813963757
89,200,0.46250854461699153
90,200,0.4754716867651979
91,200,0.48247312625086564
92,200,0.48162816648258344
93,200,0.46081772147917605
94,200,0.47510989727176217
95,200,0.4747868313583565
96,200,0.46303674366191966
97,200,0.4682947910703584
98,200,0.46585511765161014
99,200,0.46385440180272597
100,200,0.4632048353390132
101,200,0.4728964352376324
102,200,0.48289746694658936
103,200,0.48673036706690437
104,200,0.4813298687914823
105,200,0.46411455243194183
106,200,0.45480968268444555
107,200,0.46834706148523303
108,200,0.44650665272502255
109,200,0.47630587269509006
110,200,0.4831339188371197
111,200,0.4685259337757598
112,200,0.46821185410872895
113,200,0.46308753375907086
114,200,0.46775592758701534
115,200,0.4627066607303902
116,200,0.46462065464537156
117,200,0.46738196202919813
118,200,0.4599428875051468
119,200,0.46169683823711577
120,200,0.4718899872145635
121,200,0.46670705187213135
122,200,0.47325826153795736
123,200,0.47580647247764046
124,200,0.4621300424935742
125,200,0.46551266087855914
126,200,0.456489205810272
127,200,0.4619251861696748
128,200,0.46760559797648965
129,200,0.46089342007874773
130,200,0.47657967515280736
131,200,0.4771678675632105
132,200,0.46116253957901276
133,200,0.4719112416694105
134,200,0.47069790740550776
135,200,0.47131640341398406
136,200,0.4525596920468012
137,200,0.44457566795006087
138,200,0.4629232554474305
139,200,0.4758521978362918
140,200,0.4612822486938469
141,200,0.469556200329511
142,200,0.4688215602471238
143,200,0.47740296688184874
144,200,0.48649802976474565
145,200,0.47449890339472217
146,200,0.4626564132444736
147,200,0.45468746307826946
148,200,0.47361386309612186
149,200,0.47353766736117264
150,200,0.45362350431858317
151,200,0.44393093033352826
152,200,0.45862035901333964
153,200,0.47361458110652493
154,200,0.4749980494162792
155,200,0.468028279783212
156,200,0.4776676214875247
157,200,0.47083442955271204
158,200,0.48889226795456175
159,200,0.47324629691753956
160,200,0.4649889693136719
161,200,0.4698727011660048
162,200,0.47330976818539194
163,200,0.46721036512098035
164,200,0.4462308470746846
165,200,0.4628046885789907
166,200,0.44969027159111186
167,200,0.4629468183967522
168,200,0.46644954840198616
169,200,0.4547613981577708
170,200,0.4719622884193923
171,200,0.47154860550264194
172,200,0.472699911872171
173,200,0.47377512762629836
174,200,0.4788255652393412
175,200,0.4766577073663871
176,200,0.46724163505620553
177,200,0.46429918094509226
178,200,0.47604152125691684
179,200,0.4657822520917003
180,200,0.4729290707779795
181,200,0.46973099558478704
182,200,0.4576377384281616
183,200,0.46236780847953873
184,200,0.47999951785127815
185,200,0.4879796351325506
186,200,0.4749023265912213
187,200,0.47697525610478314
188,200,0.47608552391404974
189,200,0.48863659847090674
190,200,0.4588275210316459
191,200,0.4860047202208371
192,200,0.46877393027913783
193,200,0.4510559609741823
194,200,0.4717314768186333
195,200,0.46501136446143376
196,200,0.4308109745298403
197,200,0.4543402289541238
198,200,0.4756034610975156
199,200,0.47216223107759336
200,200,0.4606920607846031
201,200,0.46017087793116596
202,200,0.4591551540536092
203,200,0.4681048836060994
204,200,0.46160165552737714
205,200,0.4575946847764467
206,200,0.467035470150568
207,200,0.45944305885901804
208,200,0.45737522764617744
209,200,0.4540529051301741
210,200,0.4781609238686709
211,200,0.4903366726709359
212,200,0.4757549116657738
213,200,0.460100427535444
214,200,0.4610499996296854
215,200,0.4598400184228999
216,200,0.462993079026946
217,200,0.46688069090276146
218,200,0.4754322031040601
219,200,0.4673234683085942
220,200,0.4714804055282367
221,200,0.4676718594624849
222,200,0.45488317949213575
223,200,0.45956560447978756
224,200,0.45566088344953426
225,200,0.4842674801625087
226,200,0.45488962748846906
227,200,0.4767500360513211
228,200,0.4593728493023185
229,200,0.4633904234903902
230,200,0.47740584647672957
231,200,0.45706543591618154
232,200,0.4804572526330369
233,200,0.46547160346361205
234,200,0.4532514574036642
235,200,0.46255495946276337
236,200,0.4801541883948389
237,200,0.48080756882296305
238,200,0.46523568838496376
239,200,0.46030742931632107
240,200,0.4709193491901488
241,200,0.4674429364506396
242,200,0.4635779854505543
243,200,0.46684244464331504
244,200,0.4863009668342844
245,200,0.47232017390400294
246,200,0.4683460374360247
247,200,0.4718971771601174
248,200,0.4731992540739348
249,200,0.483537979823542
250,200,0.48254122265367666
251,200,0.4775914778846668
252,200,0.48615904249170794
253,200,0.47035624306874413
254,200,0.4686771682888694
255,200,0.4634876544810838
256,200,0.46972802978262956
257,200,0.47973437790285595
258,200,0.4750189331173695
259,200,0.4863428045267882
260,200,0.46582174643174523
261,200,0.45676316839965875
262,200,0.4561468445151378
263,200,0.47516544743141836
264,200,0.47700459493595265
265,200,0.47772775611327023
266,200,0.46609999130643975
267,200,0.4587725995746018
268,200,0.4735230565346241
269,200,0.46249542543931416
270,200,0.47187538151322084
271,200,0.46647537070342543
272,200,0.48446433854974935
273,200,0.47723777075444795
274,200,0.4751246103130706
275,200,0.4765316262334778
276,200,0.4922083984749836
277,200,0.49685206562679224
278,200,0.49367543117673535
279,200,0.4963064075807086
280,200,0.47774662097593634
281,200,0.47107275081245126
282,200,0.47455412084197146
283,200,0.4626879485860353
284,200,0.4667334637877197
285,200,0.4850129758255621
286,200,0.47553363474882404
287,200,0.4803604382296046
288,200,0.4827353979148342
289,200,0.48877669301758464
290,200,0.46663878019926486
291,200,0.4783357274273225
292,200,0.47634832746242906
293,200,0.47794079889482033
294,200,0.4598496837097914
295,200,0.4685346551164975
296,200,0.474271229320359
297,200,0.4611224237348066
298,200,0.4843327026893833
299,200,0.4634170895544598
300,200,0.47140975591399875
301,200,0.46938634630721465
302,200,0.4658620292526313
303,200,0.4598201350986907
304,200,0.4545019053530893
305,200,0.4545904579774938
306,200,0.47061253854350205
307,200,0.47688392249900813
308,200,0.4782267219001984
309,200,0.47424056362158207
310,200,0.47988718986980333
311,200,0.47095838013304614
312,200,0.46521587250646135
313,200,0.4595166415006538
314,200,0.45755819221373484
315,200,0.4984275929620426
316,200,0.47390672753387686
317,200,0.4671036582125114
318,200,0.46702580665493365
319,200,0.4731261865275982
320,200,0.47497854499132036
321,200,0.4674210496236591
322,200,0.45881122007155534
323,200,0.4693933774262942
324,200,0.46685342188444967
325,200,0.47926366356220623
326,200,0.48949229764646535
327,200,0.46272909196531575
328,200,0.4760834792317108
329,200,0.4786054337942906
330,200,0.4787754904225067
331,200,0.47926722686691575
332,200,0.47196361831080547
333,200,0.45910030240422983
334,200,0.47009096963580066
335,200,0.46751764061675943
336,200,0.4715078343667394
337,200,0.48297266043955966
338,200,0.46203519506850377
339,200,0.47009912808133286
340,200,0.4726997831708753
341,200,0.47287230002762337
342,200,0.4712279416818861
343,200,0.46478536084052924
344,200,0.4756870908701567
345,200,0.4626160994176034
346,200,0.45304420605465867
347,200,0.4613733099321995
348,200,0.4612071632751133
349,200,0.46394370338626395
350,200,0.46051263671759424
351,200,0.4778835626287947
352,200,0.45597994857692825
353,200,0.46922080730716276
354,200,0.4635329028684608
355,200,0.4693742567374164
356,200,0.46421558851599776
357,200,0.47785761846665975
358,200,0.47332198810563697
359,200,0.4711037160127587
360,200,0.46378262582100527
361,200,0.4655462253968458
362,200,0.46233899525303174
363,200,0.47056629873660155
364,200,0.4724624926626683
365,200,0.46838598579297946
366,200,0.4787590626528314
367,200,0.4695867177095627
368,200,0.4665519342135075
369,200,0.4713225168072802
370,200,0.4595300498244942
371,200,0.45908268278608966
372,200,0.4618574273647816
373,200,0.47061290702344477
374,200,0.48170876392662476
375,200,0.47108317325464355
376,200,0.46669144220966374
377,200,0.4630347071682837
378,200,0.46338093943627556
379,200,0.4725504589766137
380,200,0.4641378326561433
381,200,0.4730293263050602
382,200,0.4809918596662166
383,200,0.4677109461257299
384,200,0.4703378025934036
385,200,0.4641515682673992
386,200,0.45597654913972235
387,200,0.459288284769539
388,200,0.46086380254793763
389,200,0.4641041377512873
390,200,0.4771756985304601
391,200,0.4701342024876726
392,200,0.46236117842350427
393,200,0.4630627502730203
394,200,0.4610165714188378
395,200,0.45707000645652557
396,200,0.4566531736187894
397,200,0.453121477387171
398,200,0.47004499319725507
399,200,0.47374668639158635
400,200,0.4697674994691834
401,200,0.4635880880092998
402,200,0.4667477821386066
403,200,0.45934124326509385
404,200,0.46105605306875064
405,200,0.4650472950463665
406,200,0.466337589881999
407,200,0.4734641797866194
408,200,0.4691736170002048
409,200,0.4666578439161728
410,200,0.4514288873552559
411,200,0.4565438047394609
412,200,0.4600736532108298
413,200,0.46111929384763595
414,200,0.4606018153668085
415,200,0.46787273096944093
416,200,0.4656267268253578
417,200,0.4568786687486579
418,200,0.46465365433954614
419,200,0.46799896245096584
420,200,0.4906265408187696
421,200,0.4821522582353267
422,200,0.4743686873910983
423,200,0.46374799059385197
424,200,0.4712068601815929
425,200,0.47094267356327496
426,200,0.4706547284958313
427,200,0.48402617721325436
428,200,0.4729370917160485
429,200,0.4677221396033848
430,200,0.46183250906463935
431,200,0.4735749264755576
432,200,0.4604102076678265
433,200,0.47747016258939773
434,200,0.47336317752703616
435,200,0.46054153211432436
436,200,0.4587411992932197
437,200,0.46945784390199863
438,200,0.4522440399949502
439,200,0.46814088173253293
440,200,0.455887861954471
441,200,0.4844264534382937
442,200,0.46849023558687847
443,200,0.48426009116399854
444,200,0.45771973127581095
445,200,0.4523318363177285
446,200,0.4725856265811514
447,200,0.47234488465468827
448,200,0.4708644253940332
449,200,0.48367255090579425
450,200,0.47113669984437456
451,200,0.466982871643301
452,200,0.47302958349830354
453,200,0.45898246870222065
454,200,0.47838053295631466
455,200,0.4715822618732383
456,200,0.4560658058136151
457,200,0.4679237642474335
458,200,0.4670376039167864
459,200,0.47058920552286276
460,200,0.4798133052029021
461,200,0.4953153449536568
462,200,0.4813675192981619
463,200,0.4608929132888747
464,200,0.4572806522642688
465,200,0.4602922326799867
466,200,0.4513626805154172
467,200,0.4626066349858335
468,200,0.4714440665114977
469,200,0.4679634896367139
470,200,0.4779710926893861
471,200,0.48330786172966445
472,200,0.477698117497477
473,200,0.4739401906020054
474,200,0.46065439949928083
475,200,0.4627699300292637
476,200,0.47299632407826936
477,200,0.48077448515745536
478,200,0.4652355113351716
479,200,0.47237258592789155
480,200,0.462599049235181
481,200,0.46841446925153973
482,200,0.4674658545174284
483,200,0.4652293212484596
484,200,0.452537443664936
485,200,0.45872552623350116
486,200,0.4584869949031543
487,200,0.47124934977054433
488,200,0.4668628145021403
489,200,0.4633627528909766
490,200,0.4651795566132616
491,200,0.47350519001560776
492,200,0.486847640344865
493,200,0.4705143056510539
494,200,0.460581971065628
495,200,0.4648429521126631
496,200,0.4735732789736158
497,200,0.47627879083123736
498,200,0.4743849790272746
499,200,0.4855409205958779
500,200,0.47280803210706007
501,200,0.4622507277888654
502,200,0.4602141811175694
503,200,0.4630394782470965
504,200,0.475752499377971
505,200,0.47405052461635183
506,200,0.47742154033309947
507,200,0.4846595582282175
508,200,0.47728042556092337
509,200,0.4699277484397624
510,200,0.47530839325539276
511,200,0.48369046107395786
512,200,0.4863538653077531
513,200,0.47451814629502664
514,200,0.47122460800723115
515,200,0.46563043324275766
516,200,0.4505367462294635
517,200,0.46000216895110496
518,200,0.4761390508792784
519,200,0.47002828889635634
520,200,0.46927581373789545
521,200,0.47134935353450086
522,200,0.47789068715824434
523,200,0.4612092259037344
524,200,0.47353538120045613
525,200,0.46305237487285533
526,200,0.4640864460723309
527,200,0.4695355169484114
528,200,0.4676599519655991
529,200,0.4718091786304996
530,200,0.47149280547303024
531,200,0.46180177678248496
532,200,0.4618028642415
533,200,0.4613289803592589
534,200,0.46000636952020424
535,200,0.45112721462027805
536,200,0.4571122802063478
537,200,0.4556147370271071
538,200,0.4611537659329334
539,200,0.46832084104144994
540,200,0.463675609701359
541,200,0.47661244672473774
542,200,0.4792865844187965
543,200,0.4570909800634244
544,200,0.47325927418568325
545,200,0.45339303661735275
546,200,0.47468682843717125
547,200,0.4639648452490661
548,200,0.4539605328613374
549,200,0.4687148155931668
550,200,0.4559428812911672
551,200,0.4582454364206312
552,200,0.46547938791359716
553,200,0.46079922310948446
554,200,0.4766672472235378
555,200,0.46405249455641495
556,200,0.472935750653366
557,200,0.45825677852856456
558,200,0.46730490504669264
559,200,0.452749019218047
560,200,0.4660830313978178
561,200,0.477387427159054
562,200,0.47700090160142405
563,200,0.47810080295146606
564,200,0.4850230058011682
565,200,0.4716148498374441
566,200,0.46837008266444324
567,200,0.47247241898111997
568,200,0.45760521878780347
569,200,0.46897119031454765
570,200,0.4653451471718923
571,200,0.4606918935970706
572,200,0.46640426340074964
573,200,0.47674231288614116
574,200,0.4687923955224141
575,200,0.4815904030466465
576,200,0.4722166095659299
577,200,0.4608500192178747
578,200,0.45794124447617557
579,200,0.4515094980358244
580,200,0.4631587355018223
581,200,0.4635937006960778
582,200,0.4811566477672351
583,200,0.48343739657498325
584,200,0.4643290728874735
585,200,0.46140790417619165
586,200,0.45585285518976854
587,200,0.45341251197752425
588,200,0.463370921351402
589,200,0.4489383442035317
590,200,0.4447428546873709
591,200,0.459038740918367
592,200,0.46616993039475746
593,200,0.4600244294208906
594,200,0.4713783827910166
595,200,0.4738098032481702
596,200,0.480160276203583
597,200,0.4696273431814059
598,200,0.45880332751584774
599,200,0.47951038351941927
600,200,0.47958318354809504
601,200,0.4806771761101949
602,200,0.4618335847512213
603,200,0.46984816809683994
604,200,0.462793655174601
605,200,0.4709302179990338
606,200,0.4678839633798338
607,200,0.4629106717086311
608,200,0.4487338400839802
609,200,0.46589807216757156
610,200,0.45339141914000175
611,200,0.44169599466869863
612,200,0.46342337508011044
613,200,0.4526903936377295
614,200,0.4549804499033795
615,200,0.4610176479187995
616,200,0.46000163873391475
617,200,0.46753229775499455
618,200,0.4803629658788644
619,200,0.4689402444230063
620,200,0.45519682284675406
621,200,0.4674748190771925
622,200,0.4630845474997977
623,200,0.4710503801357661
624,200,0.4621163951481041
625,200,0.47441980993590765
626,200,0.47017567084469736
627,200,0.47464097995440807
628,200,0.47869981600132394
629,200,0.47127177793594277
630,200,0.47622423543578174
631,200,0.4731150238492231
632,200,0.4707997414268334
633,200,0.4768017983394959
634,200,0.46337817022367717
635,200,0.47133101426494123
636,200,0.46597651011407853
637,200,0.47325379186945216
638,200,0.4698978834890914
639,200,0.4660409694188599
640,200,0.4686014514063831
641,200,0.47143294052710594
642,200,0.47519718968367125
643,200,0.47935703052774165
644,200,0.4692656685698731
645,200,0.4525726469301816
646,200,0.4489901720679683
647,200,0.4557950743949603
648,200,0.4637177341453074
649,200,0.454790426452433
650,200,0.4470433899348653
651,200,0.44502949660028973
652,200,0.45389619656683744
653,200,0.4637539040902143
654,200,0.4677962878607251
655,200,0.47763707235274594
656,200,0.4699442729514246
657,200,0.4641086916100519
658,200,0.4691522066123631
659,200,0.48489585743475533
660,200,0.46755040990297553
661,200,0.4862247548838839
662,200,0.46601912534855916
663,200,0.46558789433311787
664,200,0.47046213164746276
665,200,0.47352293161253356
666,200,0.4615266003463418
667,200,0.45240845084335446
668,200,0.46003012331157433
669,200,0.4554485946381752
670,200,0.4797572383677349
671,200,0.4702593782736252
672,200,0.4710206929986314
673,200,0.4712483257022864
674,200,0.4630895975129046
675,200,0.46902652117887683
676,200,0.4582438705193503
677,200,0.47444141391555217
678,200,0.48450187461326827
679,200,0.4695654572765154
680,200,0.47274145391482003
681,200,0.4692368341484874
682,200,0.46408127064489113
683,200,0.4596043818635775
684,200,0.4809250745683381
685,200,0.4824736025055029
686,200,0.4797379764581575
687,200,0.4806510929314046
688,200,0.4807843197777789
689,200,0.4842818556550824
690,200,0.4684640847254538
691,200,0.4568203261187825
692,200,0.46369752575460815
693,200,0.46597672967665665
694,200,0.46850403892493464
695,200,0.468294450376471
696,200,0.45966961393061134
697,200,0.456802681576472
698,200,0.4617070681714701
699,200,0.4595260697213793
700,200,0.4745280517099292
701,200,0.4855309475453526
702,200,0.4924734551511256
703,200,0.46785437103596805
704,200,0.4694044229226071
705,200,0.4589231137376202
706,200,0.469528693316628
707,200,0.46189238980845226
708,200,0.4749429107307575
709,200,0.47339360002506686
710,200,0.4604757045436847
711,200,0.48064473984365
712,200,0.47830739401628514
713,200,0.45841267354049614
714,200,0.4619290973707439
715,200,0.46784200291263467
716,200,0.4733494008697676
717,200,0.4662287544750949
718,200,0.4576750517264955
719,200,0.44450758203614626
720,200,0.4722275881165574
721,200,0.45341557199009463
722,200,0.46469500155770593
723,200,0.4662362069469825
724,200,0.4650285968592994
725,200,0.47117666754985654
726,200,0.4686376120810448
727,200,0.4584511324341067
728,200,0.4625851930338029
729,200,0.4668629132921347
730,200,0.46709127311554727
731,200,0.4803110423318653
732,200,0.4697666825438254
733,200,0.47355936356878936
734,200,0.4679771385827488
735,200,0.467449943678967
736,200,0.46646273277012085
737,200,0.47994507555315563
738,200,0.4824951545358341
739,200,0.4787266838032992
740,200,0.47861618626555624
741,200,0.47623181195152003
742,200,0.455035040477867
743,200,0.47558595540374193
744,200,0.46742397520383594
745,200,0.46516717536266394
746,200,0.4664965981327618
747,200,0.4681742042055339
748,200,0.4777038943965114
749,200,0.46730774544744275
750,200,0.45611254378145133
751,200,0.45818279030667686
752,200,0.4539738697272608
753,200,0.45885413449590157
754,200,0.467612525749323
755,200,0.4664333599074794
756,200,0.44686449659502264
757,200,0.45399921491439654
758,200,0.4423030089346486
759,200,0.46026018828556137
760,200,0.4584740084936208
761,200,0.46678627124447747
762,200,0.4613380801391828
763,200,0.46902213993233005
764,200,0.4760046291951771
765,200,0.4653144953822545
766,200,0.4628077226194061
767,200,0.44562329131255757
768,200,0.45448139395269455
769,200,0.46027733969928575
770,200,0.4581478484345631
771,200,0.4857404774342351
772,200,0.48176863620014726
773,200,0.4753917376059923
774,200,0.4766662868357505
775,200,0.4529914298820881
776,200,0.45219787958324126
777,200,0.4539461741534361
778,200,0.4606284219713956
779,200,0.4640850445310631
780,200,0.4639115358334702
781,200,0.4656809202121769
782,200,0.46298091778877526
783,200,0.47175366696633253
784,200,0.46470335564405957
785,200,0.4788753135737676
786,200,0.4605246897840794
787,200,0.46347079796768315
788,200,0.4548586025911869
789,200,0.4559633438335089
790,200,0.47565382461975103
791,200,0.47151449341413215
792,200,0.4723010253369044
793,200,0.4667655474522371
794,200,0.451710821524782
795,200,0.4713566164887575
796,200,0.48802765300127804
797,200,0.4828166146438934
798,200,0.474170256720362
799,200,0.47026869936738935
800,200,0.4551998393946401
801,200,0.4744410467021039
802,200,0.461541777747278
803,200,0.4739804310294861
804,200,0.47873551583785356
805,200,0.4724475371603647
806,200,0.4549105804885059
807,200,0.4541490747623381
808,200,0.4672186142366408
809,200,0.45809516747445733
810,200,0.470515231446452
811,200,0.45880902674062496
812,200,0.45978932193094013
813,200,0.471874697192615
814,200,0.4714809472937682
815,200,0.46734133126980554
816,200,0.4708614470903295
817,200,0.4588005728506621
818,200,0.48144406270469736
819,200,0.4807453571151633
820,200,0.479673549445724
821,200,0.4712035538408386
822,200,0.4567133799401399
823,200,0.45406214503223036
824,200,0.47860363334806383
825,200,0.4752421185493455
826,200,0.4770508906334788
827,200,0.4690481485199808
828,200,0.487561898738565
829,200,0.47107541444893475
830,200,0.48171206132306427
831,200,0.46124902740651197
832,200,0.4715785818196394
833,200,0.47393031975383404
834,200,0.47837861974573387
835,200,0.4659463294627867
836,200,0.4704901722975736
837,200,0.4880646543000864
838,200,0.4699074210823058
839,200,0.4909613275570314
840,200,0.4794070907018775
841,200,0.4532590800140593
842,200,0.463234514899878
843,200,0.4512083526216549
844,200,0.47914751084734447
845,200,0.4618783712986238
846,200,0.47205698966955484
847,200,0.47834817715470357
848,200,0.4683608158237085
849,200,0.4869408668669107
850,200,0.4747707737382626
851,200,0.472744662129851
852,200,0.4767366231669881
853,200,0.47449901184877386
854,200,0.48193595105942416
855,200,0.4880892614642455
856,200,0.493544150763612
857,200,0.4836050715614038
858,200,0.47504558048604695
859,200,0.47792962142696926
860,200,0.48411753665251234
861,200,0.4750947963145451
862,200,0.4801488510703646
863,200,0.4977979884644334
864,200,0.4758506005980645
865,200,0.46349871618154576
866,200,0.48061082323229276
867,200,0.4787687405381044
868,200,0.47285494917832904
869,200,0.4779962305400008
870,200,0.4617962600834312
871,200,0.4647247354647498
872,200,0.46004370654450705
873,200,0.46343515255329887
874,200,0.43862931368274016
875,200,0.4623381335074541
876,200,0.4600526521762996
877,200,0.46429575089200015
878,200,0.4705281098749285
879,200,0.4698985480578907
880,200,0.47700160027276706
881,200,0.47616049966783924
882,200,0.477114347233707
883,200,0.48026577375129675
884,200,0.47380546271206236
885,200,0.4860071471404969
886,200,0.4844588834671325
887,200,0.4885451180685581
888,200,0.4684058003642446
889,200,0.46939497610197
890,200,0.45943686065891615
891,200,0.46679113539055844
892,200,0.47189247476743346
893,200,0.4625044144272835
894,200,0.4786980883453478
895,200,0.46753257077719157
896,200,0.4685360273527235
897,200,0.4887932469137102
898,200,0.477702605540884
899,200,0.4684462876321053
900,200,0.4586758154972026
901,200,0.4575011941836479
902,200,0.44465335787611804
903,200,0.44592292658885885
904,200,0.4580403024608049
905,200,0.45952242938060095
906,200,0.47729484628326685
907,200,0.46420736681889524
908,200,0.4772290857487602
909,200,0.48085888779611596
910,200,0.46831680957062005
911,200,0.45614109222100047
912,200,0.46003433292542045
913,200,0.4600947129816915
914,200,0.4726967940083336
915,200,0.45717083205207254
916,200,0.4668993647549496
917,200,0.4606510739002003
918,200,0.46215167232789245
919,200,0.46332696626276154
920,200,0.46421101580568247
921,200,0.47158348244720655
922,200,0.47107962246028945
923,200,0.459200654118756
924,200,0.47867339620087473
925,200,0.47170544207474663
926,200,0.479202880103302
927,200,0.4839570494289253
928,200,0.46523757133161137
929,200,0.46975994094460793
930,200,0.4752002799761506
931,200,0.4584893393071487
932,200,0.469224927765563
933,200,0.4823442868093761
934,200,0.4715325571096095
935,200,0.4762181854236445
936,200,0.46273554280469675
937,200,0.4685291014245885
938,200,0.4730621262555379
939,200,0.47754376993188175
940,200,0.4756147392859998
941,200,0.45440883400818866
942,200,0.45502720596666957
943,200,0.4568416802386216
944,200,0.4633852895655406
945,200,0.4810291440134723
946,200,0.46893134481589244
947,200,0.4464761215639461
948,200,0.46143536775396315
949,200,0.4763038550522582
950,200,0.47901025084981935
951,200,0.4793632295802876
952,200,0.47133123744207106
953,200,0.4760985820248414
954,200,0.4851880208530357
955,200,0.47885079585386864
956,200,0.4771308551659571
957,200,0.48571743937719825
958,200,0.4817540724491569
959,200,0.4632684688411253
960,200,0.44866163877742504
961,200,0.472350892129674
962,200,0.46840485831665324
963,200,0.47187396855427866
964,200,0.47038370186208434
965,200,0.47258021565062136
966,200,0.4666291705547635
967,200,0.45989248959429535
968,200,0.4570208854046139
969,200,0.465137922110711
970,200,0.474073107081372
971,200,0.4717421308832329
972,200,0.46471361163143887
973,200,0.4529938349741229
974,200,0.4670122564389765
975,200,0.4547012467274162
976,200,0.45345348437612687
977,200,0.4586807536880675
978,200,0.4684630182738091
979,200,0.45672571865984174
980,200,0.462719628849388
981,200,0.46504737640658655
982,200,0.4554299546028891
983,200,0.4664595750384712
984,200,0.4619390865383244
985,200,0.4639712003813565
986,200,0.4621455261757894
987,200,0.47416565639231534
988,200,0.4857912987395746
989,200,0.47478355587519844
990,200,0.4707574246725704
991,200,0.4809723354119922
992,200,0.47483959767351763
993,200,0.45912372488027536
994,200,0.472087618012351
995,200,0.4598385095956449
996,200,0.470168713785035
997,200,0.4768897228997839
998,200,0.4594608250894152
999,200,0.4630264904001433
1000,200,0.4762441558983565
1001,200,0.4640427239123933
1002,200,0.4793260577973554
1003,200,0.48120399236583433
1004,200,0.4874277780183612
1005,200,0.4899497040703626
1006,200,0.4874155287126777
1007,200,0.4786413492485901
1008,200,0.4694669004062106
1009,200,0.4718124644331408
1010,200,0.46893666667783873
1011,200,0.46605530589655236
1012,200,0.4835102646816991
1013,200,0.4811179115576004
1014,200,0.45466607967757966
1015,200,0.47448602060831246
1016,200,0.46127344987551333
1017,200,0.4768897054764986
1018,200,0.4599928603969908
1019,200,0.46401402742802805
1020,200,0.45219287596950736
1021,200,0.4793075411138037
1022,200,0.48399971912649814
1023,200,0.4700183552659687
1024,200,0.4618689287897195
1025,200,0.46021433428823116
1026,200,0.4530973285840329
1027,200,0.4576837153682838
1028,200,0.46338368973714106
1029,200,0.4733718094399819
1030,200,0.46460931162885505
1031,200,0.48657407038777123
1032,200,0.48941535937065767
1033,200,0.4964975199118049
1034,200,0.4837030916213188
1035,200,0.4656080098045412
1036,200,0.4716081556613723
1037,200,0.47280293989912775
1038,200,0.46800020647387247
1039,200,0.46138158001493257
1040,200,0.4644660971172444
1041,200,0.4823926167013105
1042,200,0.4729500166001578
1043,200,0.4807242723271369
1044,200,0.46287198597336754
1045,200,0.46409494928039274
1046,200,0.46934567648223957
1047,200,0.4758511947047028
1048,200,0.4630373773442878
1049,200,0.49058989585500734
1050,200,0.47195483944903505
1051,200,0.47901601539170036
1052,200,0.4893589714602572
1053,200,0.4776743265285654
1054,200,0.47580218273404806
1055,200,0.4842298254974576
1056,200,0.47395950012028343
1057,200,0.46630887554888134
1058,200,0.480085594690609
1059,200,0.47323912909234084
1060,200,0.4698902509284663
1061,200,0.46147920750736265
1062,200,0.4642769579758668
1063,200,0.4671589661032279
1064,200,0.45172140514421927
1065,200,0.4838420019856921
1066,200,0.45773605687494495
1067,200,0.4560223852355337
1068,200,0.4582288804478815
1069,200,0.4527465891135788
1070,200,0.45942321262787056
1071,200,0.46822959527101915
1072,200,0.47443406284617673
1073,200,0.4687633728145982
1074,200,0.48119582283686324
1075,200,0.4859030913533829
1076,200,0.4735377491825438
1077,200,0.4662915365353904
1078,200,0.457744410410375
1079,200,0.4586055207221356
1080,200,0.4730818106675988
1081,200,0.4741720494921879
1082,200,0.47654540589829625
1083,200,0.47744087392696927
1084,200,0.49186348138394415
1085,200,0.48240190210228506
1086,200,0.46228792933597984
1087,200,0.4763291580648375
1088,200,0.47467685176319396
1089,200,0.47014076538402644
1090,200,0.4778408862638256
1091,200,0.47059614300188846
1092,200,0.47956849468274476
1093,200,0.4671360857383602
1094,200,0.47722816041315475
1095,200,0.49551763436555946
1096,200,0.4758804250990011
1097,200,0.47077874519665863
1098,200,0.4761013195555009
1099,200,0.4725445135733757
1100,200,0.4649591752002584
1101,200,0.47513318285278433
1102,200,0.4716430616116861
1103,200,0.46430089366894334
1104,200,0.4826732363943888
1105,200,0.4618455632078516
1106,200,0.4686776158168694
1107,200,0.4703724676684242
1108,200,0.47228379986195806
1109,200,0.46589105042133316
1110,200,0.467716091355171
1111,200,0.4767453405289196
1112,200,0.4849373250012945
1113,200,0.49169664822703046
1114,200,0.4759027354417872
1115,200,0.47130343265917346
1116,200,0.4705590795410881
1117,200,0.4776914526317024
1118,200,0.46672744509549713
1119,200,0.46880884458027045
1120,200,0.47227400934906155
1121,200,0.47447908979913966
1122,200,0.46204097164010294
1123,200,0.4635309477023001
1124,200,0.4571480068019519
1125,200,0.4742415020335921
1126,200,0.4739156131562109
1127,200,0.47126419537057707
1128,200,0.4520236179014029
1129,200,0.4448949661017862
1130,200,0.4608698782940155
1131,200,0.4511494690649672
1132,200,0.4619871690793673
1133,200,0.4672351304365403
1134,200,0.4846380888714991
1135,200,0.4729245238323745
1136,200,0.46346967526149624
1137,200,0.45852884189449433
1138,200,0.4819981261666366
1139,200,0.4847205789269206
1140,200,0.48413697272990064
1141,200,0.47828742895677767
1142,200,0.4634308751996819
1143,200,0.46767459683611795
1144,200,0.4636926224729977
1145,200,0.48341518200432987
1146,200,0.468559906788646
1147,200,0.46424092321933574
1148,200,0.4633944000232396
1149,200,0.46528941716776556
1150,200,0.4493633074841766
1151,200,0.4626076214823263
1152,200,0.4755530725360026
1153,200,0.4650775771633038
1154,200,0.4602869144029798
1155,200,0.46419651818296864
1156,200,0.4603883086399685
1157,200,0.4716337656091832
1158,200,0.46603396407059733
1159,200,0.4530220549573934
1160,200,0.4706817567555646
1161,200,0.47232159449129796
1162,200,0.483325038418056
1163,200,0.4733015433430909
1164,200,0.474504759950071
1165,200,0.47616165724641174
1166,200,0.4831241155504064
1167,200,0.4801192439771881
1168,200,0.4778295584652227
1169,200,0.48352031347270413
1170,200,0.4686715291366759
1171,200,0.46523179899544087
1172,200,0.4671171240381022
1173,200,0.4641131534244037
1174,200,0.4671344547718052
1175,200,0.4469155606294149
1176,200,0.4627716106833778
1177,200,0.47831914202628
1178,200,0.4588142305436807
1179,200,0.4647106747288934
1180,200,0.4624691495522127
1181,200,0.4626025638733779
1182,200,0.4593360691233816
1183,200,0.46341402150740335
1184,200,0.45113938050716007
1185,200,0.4615931497783846
1186,200,0.4574504746672441
1187,200,0.46130485892611117
1188,200,0.47807405280613596
1189,200,0.48370553707918634
1190,200,0.47225048708902806
1191,200,0.4861320758828833
1192,200,0.4816834294426797
1193,200,0.48684488980579754
1194,200,0.4861097349876476
1195,200,0.4597580826166617
1196,200,0.466462706941377
1197,200,0.45518860501719377
1198,200,0.4597025949439339
1199,200,0.4776934585552866
1200,200,0.46627210143517617
1201,200,0.46858720983391977
1202,200,0.4577040899830893
1203,200,0.47729852305468023
1204,200,0.4678411606484939
1205,200,0.47962364061088275
1206,200,0.4681092575673761
1207,200,0.4893355246735516
1208,200,0.477089630851468
1209,200,0.4607559750669099
1210,200,0.4662307882973108
1211,200,0.47173807194352946
1212,200,0.4582182821433389
1213,200,0.4429299076300359
1214,200,0.47256157817228384
1215,200,0.4662022423143407
1216,200,0.46348161508819363
1217,200,0.469804215492027
1218,200,0.4704796293362226
1219,200,0.47762078285038745
1220,200,0.4715474275171986
1221,200,0.463372438259932
1222,200,0.47795513867715667
1223,200,0.47276720365309965
1224,200,0.4726088301268621
1225,200,0.48559129738329315
1226,200,0.46067027082484524
1227,200,0.4581466091257709
1228,200,0.4740632465332426
1229,200,0.4700832451013806
1230,200,0.45621394229111656
1231,200,0.44803713278475477
1232,200,0.4596461859202585
1233,200,0.4737614453271907
1234,200,0.45451717354836724
1235,200,0.4718583556515089
1236,200,0.463648224393272
1237,200,0.46410170905051057
1238,200,0.46554239607320996
1239,200,0.47457989345149215
1240,200,0.4713833423876689
1241,200,0.4820440391838051
1242,200,0.4534821690053634
1243,200,0.4598842412443046
1244,200,0.4637372006683013
1245,200,0.4640619852040625
1246,200,0.46701788643321696
1247,200,0.4708024699148644
1248,200,0.4652977470205965
1249,200,0.4652581720675946
1250,200,0.45886017036362975
1251,200,0.4716077269706991
1252,200,0.46926602470977724
1253,200,0.4621712030279439
1254,200,0.46687547519160183
1255,200,0.47908211814041096
1256,200,0.4842329838137436
1257,200,0.4728225593153447
1258,200,0.47804972471976936
1259,200,0.4725930246671673
1260,200,0.48043104548980575
1261,200,0.48316105656752567
1262,200,0.4711376492159
1263,200,0.47942713208609017
1264,200,0.4769174424756962
1265,200,0.4724744511000033
1266,200,0.47231407817959614
1267,200,0.463516319096969
1268,200,0.4720184849859683
1269,200,0.46414417590893003
1270,200,0.4507586552295472
1271,200,0.46957836961521976
1272,200,0.47138082434103534
1273,200,0.4780216579965379
1274,200,0.47385990697556934
1275,200,0.48311311970751164
1276,200,0.4674880997314363
1277,200,0.46534824511001077
1278,200,0.4682039996256079
1279,200,0.4754712506066068
1280,200,0.4584882641557613
1281,200,0.4687300068975053
1282,200,0.4618965737299877
1283,200,0.48062511634149596
1284,200,0.4760475607925787
1285,200,0.46390063166396023
1286,200,0.4726837656871997
1287,200,0.464109779657858
1288,200,0.46553579896069575
1289,200,0.4635339731215879
1290,200,0.45630624597774627
1291,200,0.44702005308210746
1292,200,0.46006852944446375
1293,200,0.48177201684774085
1294,200,0.4738200525705951
1295,200,0.4863343225087016
1296,200,0.4725704339287431
1297,200,0.4645857255462504
1298,200,0.4615854368589449
1299,200,0.46740053107721174
1300,200,0.46699950824843445
1301,200,0.4709469052782336
1302,200,0.4736001488440841
1303,200,0.47193388615101756
1304,200,0.4590736447810727
1305,200,0.4728616309244305
1306,200,0.4649099337695712
1307,200,0.46746252648405334
1308,200,0.4659255087121904
1309,200,0.47642184616231703
1310,200,0.45767825600985695
1311,200,0.4583778832185833
1312,200,0.4713114061347023
1313,200,0.4762002724985118
1314,200,0.4567576584455776
1315,200,0.47663840051120254
1316,200,0.4717204451194391
1317,200,0.45744023624893737
1318,200,0.46403648096998296
1319,200,0.4687462478738301
1320,200,0.4713769075475453
1321,200,0.47382876516493383
1322,200,0.453984722960779
1323,200,0.4754913506248472
1324,200,0.46915673678295244
1325,200,0.47804403582823296
1326,200,0.4976716155471842
1327,200,0.4834483712593586
1328,200,0.48042678681811907
1329,200,0.4853788170392374
1330,200,0.48792114344474097
1331,200,0.479853424259171
1332,200,0.4860199779289799
1333,200,0.4721208307136505
1334,200,0.47475280478790494
1335,200,0.4713561308487923
1336,200,0.4725692237316641
1337,200,0.4874449255616604
1338,200,0.46459072727563594
1339,200,0.4707724868446455
1340,200,0.4625223671300664
1341,200,0.45402299401612356
1342,200,0.4657489449047665
1343,200,0.4669012908912495
1344,200,0.4528318702581359
1345,200,0.4718441201277618
1346,200,0.4799538191582687
1347,200,0.4669361122851003
1348,200,0.4601017180760309
1349,200,0.4761765699775235
1350,200,0.47718019327101086
1351,200,0.4750104932898742
1352,200,0.47346277990685187
1353,200,0.47447832137280993
1354,200,0.47321290861442156
1355,200,0.47444395245697296
1356,200,0.4580279309169634
1357,200,0.4533836446184145
1358,200,0.47083143210109113
1359,200,0.4746010533604184
1360,200,0.46948790408866514
1361,200,0.45213941162417465
1362,200,0.45781874617081925
1363,200,0.4717003856849263
1364,200,0.4741229966269142
1365,200,0.46878650105007874
1366,200,0.47419471494622956
1367,200,0.4697909296631091
1368,200,0.48025469074648125
1369,200,0.4817069640527508
1370,200,0.49670934690470386
1371,200,0.49931713353348806
1372,200,0.498317827283302
1373,200,0.4740358465212374
1374,200,0.4664355946328435
1375,200,0.4657442753010248
1376,200,0.4767151671796613
1377,200,0.47960615395000744
1378,200,0.4825230311831999
1379,200,0.4705269502911624
1380,200,0.47138271038549817
1381,200,0.46331375265821984
1382,200,0.46939042635167866
1383,200,0.46868732456337453
1384,200,0.46261845064062357
1385,200,0.46099452627105153
1386,200,0.4639065632139711
1387,200,0.4836144123979819
1388,200,0.47562050743100187
1389,200,0.4886414143361071
1390,200,0.47752320253592756
1391,200,0.47762640941985207
1392,200,0.45095475090309106
1393,200,0.4599467291238707
1394,200,0.4543159449327827
1395,200,0.46736018330077184
1396,200,0.4468947774266878
1397,200,0.46650250084523903
1398,200,0.46375663790887434
1399,200,0.47711196589593496
1400,200,0.48272918692210237
1401,200,0.4909019795747966
1402,200,0.47362968121867477
1403,200,0.47011335334261806
1404,200,0.46818244815431015
1405,200,0.474904107782053
1406,200,0.4688740460918758
1407,200,0.47469539985797976
1408,200,0.4819735365575096
1409,200,0.47880177661113205
1410,200,0.4693537956264216
1411,200,0.4809112193816951
1412,200,0.47124587712803556
1413,200,0.4599804361499147
1414,200,0.4833904632520791
1415,200,0.47677138006836167
1416,200,0.47189687438820266
1417,200,0.4640602105362647
1418,200,0.46048507197136085
1419,200,0.4688194063767991
1420,200,0.45497437521371176
1421,200,0.46977070425175393
1422,200,0.473544078771443
1423,200,0.46836451786958105
1424,200,0.4808209429995196
1425,200,0.46541520122493873
1426,200,0.4788969178003485
1427,200,0.48804769987649815
1428,200,0.4751779536004799
1429,200,0.4837877364602975
1430,200,0.4751163800215789
1431,200,0.49246812535379925
1432,200,0.47583439818145234
1433,200,0.4769993840564942
1434,200,0.4839029636417317
1435,200,0.46532331829031975
1436,200,0.4762172688199566
1437,200,0.4778183519375995
1438,200,0.46487764053405467
1439,200,0.4780875712813856
1440,200,0.47892871283939126
1441,200,0.4738960947979266
1442,200,0.4772973835615526
1443,200,0.46787837149773503
1444,200,0.4727500697131434
1445,200,0.4762084114709022
1446,200,0.4723970405976454
1447,200,0.47229386065584344
1448,200,0.4475035553095403
1449,200,0.4571279888024261
1450,200,0.4747020360625172
1451,200,0.4829020517170581
1452,200,0.4716833483623287
1453,200,0.46119795989887685
1454,200,0.47712364741798946
1455,200,0.4619340486923185
1456,200,0.45022021991328
1457,200,0.4473908254358177
1458,200,0.4850953852646423
1459,200,0.47038251520346613
1460,200,0.4713891280592193
1461,200,0.47093978241531775
1462,200,0.4784116185985698
1463,200,0.46633110040013603
1464,200,0.4847377882738524
1465,200,0.4624383991452407
1466,200,0.4580456154643343
1467,200,0.4594489520320548
1468,200,0.4644277986347141
1469,200,0.46962352254960577
1470,200,0.47218583728422725
1471,200,0.47039458935652767
1472,200,0.47577438526327376
1473,200,0.47693308380181315
1474,200,0.4634499987743228
1475,200,0.46910164000734095
1476,200,0.48634212221136014
1477,200,0.47640367633925434
1478,200,0.4807310094322166
1479,200,0.4723628177445998
1480,200,0.4685516701131149
1481,200,0.46836489379098456
1482,200,0.46475487099627466
1483,200,0.44726996754147713
1484,200,0.4543450764771176
1485,200,0.4660384884171623
1486,200,0.45767991290850873
1487,200,0.4705176444860908
1488,200,0.4500314297792448
1489,200,0.46151943253609107
1490,200,0.4622144898046184
1491,200,0.4571347008158727
1492,200,0.4873112470947717
1493,200,0.46526307303141323
1494,200,0.46638306058921447
1495,200,0.45606429383232544
1496,200,0.45388183006024896
1497,200,0.4641682803039626
1498,200,0.4686955830481167
1499,200,0.4747911341376352
1500,200,0.4689366306375011
1501,200,0.4671969974686393
1502,200,0.4626229536357793
1503,200,0.4754900050843374
1504,200,0.4790120239708053
1505,200,0.46313789993608695
1506,200,0.46444851511870855
1507,200,0.45653178616482476
1508,200,0.45180916929879206
1509,200,0.4477747355230598
1510,200,0.47440945835123444
1511,200,0.47675986363557177
1512,200,0.47346986418728915
1513,200,0.47543015112605985
1514,200,0.4802137085142853
1515,200,0.47011545917318387
1516,200,0.4625625352213154
1517,200,0.4607559460301773
1518,200,0.47113636129274006
1519,200,0.46198457206022325
1520,200,0.46029415164207876
1521,200,0.46943041559611487
1522,200,0.4508545754072518
1523,200,0.4686371493723291
1524,200,0.476162634635425
1525,200,0.47544754229856445
1526,200,0.45962243906571426
1527,200,0.47712901832221366
1528,200,0.48696531416014366
1529,200,0.4773412956450936
1530,200,0.44569260367562474
1531,200,0.4710378291723587
1532,200,0.46644000354499415
1533,200,0.45452081602046046
1534,200,0.46853606361403344
1535,200,0.4695476080912859
1536,200,0.4730130754787025
1537,200,0.4848042967894477
1538,200,0.47790764260316343
1539,200,0.48164711475305466
1540,200,0.46799749109699196
1541,200,0.4567761118599419
1542,200,0.4676121893208015
1543,200,0.48259168193639757
1544,200,0.4679043879194353
1545,200,0.4617197812282095
1546,200,0.46905336099249295
1547,200,0.4675039228498377
1548,200,0.4628407459808724
1549,200,0.46270417753707593
1550,200,0.457159265359645
1551,200,0.4750258969556162
1552,200,0.46748591612512924
1553,200,0.46843853276063613
1554,200,0.4625617364606919
1555,200,0.46164967354683
1556,200,0.4634340233643144
1557,200,0.4546575397243679
1558,200,0.45712052409524684
1559,200,0.4568359429655629
1560,200,0.4555430732311115
1561,200,0.46182881204278275
1562,200,0.4603443000585758
1563,200,0.4541415182088986
1564,200,0.4695837048757224
1565,200,0.4745145331374154
1566,200,0.47602343927560825
1567,200,0.47158749720286164
1568,200,0.4631558064274728
1569,200,0.4624725537151284
1570,200,0.44652097201918806
1571,200,0.4652901738363864
1572,200,0.4784177705155353
1573,200,0.48131564878935307
1574,200,0.47767478867472923
1575,200,0.4665798120736469
1576,200,0.475823645350145
1577,200,0.49089514106360915
1578,200,0.46380159828494494
1579,200,0.46154432243918114
1580,200,0.4723452046311286
1581,200,0.4824138974287785
1582,200,0.4791820446397369
1583,200,0.45290483706558976
1584,200,0.48497807399529574
1585,200,0.46811870324951266
1586,200,0.4568211578837344
1587,200,0.45797004925555357
1588,200,0.46909971501267334
1589,200,0.4624919974315231
1590,200,0.4676723345831029
1591,200,0.4689601558191826
1592,200,0.4576613752147056
1593,200,0.45801136710506646
1594,200,0.45925440142367635
1595,200,0.4670638330793692
1596,200,0.47831320931993815
1597,200,0.4608566248975864
1598,200,0.4618598972577594
1599,200,0.4564077159035936
1600,200,0.4539226226568451
1601,200,0.4609830262714934
1602,200,0.4675270482576352
1603,200,0.45742821633398023
1604,200,0.4708820200920215
1605,200,0.4634269501523436
1606,200,0.4845578273317933
1607,200,0.4884314765998363
1608,200,0.48505163618776004
1609,200,0.460291008014127
1610,200,0.4647902993135382
1611,200,0.4769205382096038
1612,200,0.4682108803851776
1613,200,0.47359684151913944
1614,200,0.45854858200098936
1615,200,0.46801071606124023
1616,200,0.4664958692416188
1617,200,0.47885886047919934
1618,200,0.4621482422423604
1619,200,0.45633654298083454
1620,200,0.4739089323701968
1621,200,0.4621463351084132
1622,200,0.4642809178586346
1623,200,0.4605793419086604
1624,200,0.4710404932407092
1625,200,0.47402738379825876
1626,200,0.4787229978641748
1627,200,0.46859806805514054
1628,200,0.4508636035907424
1629,200,0.4698071360268607
1630,200,0.4606914667421836
1631,200,0.4744513366256333
1632,200,0.47901145482997215
1633,200,0.48251388055490985
1634,200,0.46156005015880464
1635,200,0.46528184402743417
1636,200,0.4615412743258842
1637,200,0.47096383530817626
1638,200,0.46539083111558954
1639,200,0.4753246210403877
1640,200,0.47500519531131447
1641,200,0.4670485931250234
1642,200,0.4692695310314493
1643,200,0.47654484018345267
1644,200,0.4786650679049936
1645,200,0.4640725737108607
1646,200,0.4722423607078444
1647,200,0.46153475559236107
1648,200,0.4615529211821142
1649,200,0.4509807730722953
1650,200,0.46377829593414405
1651,200,0.46002932391240403
1652,200,0.46488424389091626
1653,200,0.46604031871803897
1654,200,0.4638354934510195
1655,200,0.47830442358823066
1656,200,0.47534237376243266
1657,200,0.4853112331893955
1658,200,0.4686899143297305
1659,200,0.4840173653720776
1660,200,0.4828713803731586
1661,200,0.45798708949448913
1662,200,0.46954813370358833
1663,200,0.47449415232204367
1664,200,0.4608372658355576
1665,200,0.4702793922385954
1666,200,0.46491391931604725
1667,200,0.45451877913357464
1668,200,0.4651996250073168
1669,200,0.46166686117312816
1670,200,0.4779924541838166
1671,200,0.46205858690663737
1672,200,0.46588936919344226
1673,200,0.4492505214214979
1674,200,0.4534470695438346
1675,200,0.4642540150329657
1676,200,0.48670237997134363
1677,200,0.4682831806512911
1678,200,0.469800882856768
1679,200,0.46732899198803585
1680,200,0.4622951396989577
1681,200,0.4702377971638255
1682,200,0.47499847508917326
1683,200,0.4623164623838789
1684,200,0.4639424851893871
1685,200,0.4786040059155836
1686,200,0.48129064449910147
1687,200,0.4754985944832277
1688,200,0.4707798017960735
1689,200,0.46601028801544697
1690,200,0.4613518513933439
1691,200,0.4616713603206316
1692,200,0.46332112208182064
1693,200,0.4811601300846284
1694,200,0.47042585983775037
1695,200,0.47919101023748323
1696,200,0.46271608994685937
1697,200,0.4668622855314694
1698,200,0.4670722065869567
1699,200,0.47826926302969874
1700,200,0.47207826219005616
1701,200,0.48206951004528625
1702,200,0.4830292106456808
1703,200,0.4618225426905123
1704,200,0.4518201662007333
1705,200,0.46122350503068055
1706,200,0.4612596141121103
1707,200,0.4642614113402417
1708,200,0.48082063744808745
1709,200,0.47405364255141674
1710,200,0.4771582454274885
1711,200,0.46813356169193254
1712,200,0.4819643184952828
1713,200,0.4665095590810715
1714,200,0.48002700162964207
1715,200,0.46890533056970474
1716,200,0.4712134796596802
1717,200,0.4776267092714685
1718,200,0.47540292684887
1719,200,0.47017710782563304
1720,200,0.4536175355737995
1721,200,0.4648624601602723
1722,200,0.4585009763333737
1723,200,0.45180993963312377
1724,200,0.4384296349568876
1725,200,0.4555973623141969
1726,200,0.4763052023479193
1727,200,0.4733609292969579
1728,200,0.46895401789793345
1729,200,0.4634023899512246
1730,200,0.4794362688419477
1731,200,0.47921235129394996
1732,200,0.45808497131869325
1733,200,0.46261692601312715
1734,200,0.45986557286851537
1735,200,0.4576859488649996
1736,200,0.46149919166127584
1737,200,0.4883320924835466
1738,200,0.45422505660016815
1739,200,0.45462050522296443
1740,200,0.45891911971127125
1741,200,0.45076659772158156
1742,200,0.45436633001222765
1743,200,0.47590951118800295
1744,200,0.4812368250997029
1745,200,0.46069255592812175
1746,200,0.47273258340023755
1747,200,0.4762192867056967
1748,200,0.4712671653352942
1749,200,0.48128381400367515
1750,200,0.4694988267649663
1751,200,0.46680121696932775
1752,200,0.4719849184347521
1753,200,0.4715673287793145
1754,200,0.4673232108001387
1755,200,0.4688864467760743
1756,200,0.47124310183961804
1757,200,0.46267017221714746
1758,200,0.47214111253404645
1759,200,0.47199091438425683
1760,200,0.4746185354674517
1761,200,0.46871970525654405
1762,200,0.4717279943404267
1763,200,0.4645370334959399
1764,200,0.46164191038362556
1765,200,0.4741893402430163
1766,200,0.4710231359939815
1767,200,0.4788921088650163
1768,200,0.46778864633193795
1769,200,0.4721183259143852
1770,200,0.4821709751164725
1771,200,0.47472325456047465
1772,200,0.46690585491568876
1773,200,0.4664168318922442
1774,200,0.4738821386126284
1775,200,0.45888362645221
1776,200,0.46352684633552266
1777,200,0.4548120262222229
1778,200,0.45857615438945565
1779,200,0.46551595653314587
1780,200,0.4625812129581853
1781,200,0.4613760047546688
1782,200,0.4602945410932292
1783,200,0.47875903350388255
1784,200,0.4748351422092746
1785,200,0.4771539298135851
1786,200,0.47651678448944085
1787,200,0.4861411171542038
1788,200,0.48031079655217795
1789,200,0.48861184678527897
1790,200,0.4795286525958532
1791,200,0.4807161725987595
1792,200,0.4794801889661847
1793,200,0.4695191322601263
1794,200,0.4552411546056205
1795,200,0.479828692215484
1796,200,0.46802771745754596
1797,200,0.4708292192408574
1798,200,0.4511732790227203
1799,200,0.4540998270131767
1800,200,0.4453706006943363
1801,200,0.4576418711041663
1802,200,0.46569955121232215
1803,200,0.4629409687907312
1804,200,0.4702072588673314
1805,200,0.47181268587602343
1806,200,0.45701447835762343
1807,200,0.4678950070573659
1808,200,0.46049339489176966
1809,200,0.46697682198595175
1810,200,0.46209276955912376
1811,200,0.46333220169132205
1812,200,0.46936232222410473
1813,200,0.47274891740236924
1814,200,0.45880909279511795
1815,200,0.48055907863677017
1816,200,0.4549370810869555
1817,200,0.46596626380484113
1818,200,0.4643953416472284
1819,200,0.4689583622816168
1820,200,0.46981950850756204
1821,200,0.474532682854107
1822,200,0.45635017026661945
1823,200,0.4568734278211817
1824,200,0.4698632594209219
1825,200,0.46597658038800205
1826,200,0.4579412474275838
1827,200,0.4493839985054753
1828,200,0.4610202012931403
1829,200,0.459585622093725
1830,200,0.46812732547454095
1831,200,0.45819862992173377
1832,200,0.4628899390552294
1833,200,0.4674345437826778
1834,200,0.4498365235322056
1835,200,0.4594671669801016
1836,200,0.4697940322375026
1837,200,0.47085283874666345
1838,200,0.4520855045519513
1839,200,0.46464432977216397
1840,200,0.4632937178410903
1841,200,0.4511744894247466
1842,200,0.46301975103517223
1843,200,0.4707274713315092
1844,200,0.48058868893306633
1845,200,0.4624061819373752
1846,200,0.47122226990955285
1847,200,0.4673577835063839
1848,200,0.4816963009470157
1849,200,0.4674461548219302
1850,200,0.4429835932439889
1851,200,0.4735806227486866
1852,200,0.4593421748437059
1853,200,0.47747687103156383
1854,200,0.47632220920242824
1855,200,0.4779661801936839
1856,200,0.45490062007824705
1857,200,0.4840953781247443
1858,200,0.48406192440027235
1859,200,0.4747535175856818
1860,200,0.46014891215546494
1861,200,0.48246007128017787
1862,200,0.46874353188999934
1863,200,0.4774496578906968
1864,200,0.46318177065407623
1865,200,0.4712539541851759
1866,200,0.4771387917790976
1867,200,0.46277396482153466
1868,200,0.46318830472346795
1869,200,0.4676427388519564
1870,200,0.46337697145699325
1871,200,0.462936947324538
1872,200,0.46948454178620297
1873,200,0.48312721048514073
1874,200,0.4812968202668485
1875,200,0.4941783866272965
1876,200,0.4841854888171439
1877,200,0.46790566597233596
1878,200,0.4575015787153409
1879,200,0.46403720805410253
1880,200,0.4642363520138417
1881,200,0.4779152215213267
1882,200,0.48597458216306794
1883,200,0.49403518543216157
1884,200,0.47965266874481033
1885,200,0.4763418555582197
1886,200,0.46076531844482227
1887,200,0.45543998917386985
1888,200,0.4520578383284
1889,200,0.46871428327689235
1890,200,0.4698704697311932
1891,200,0.46773908847514084
1892,200,0.4587865268888909
1893,200,0.4655286734381438
1894,200,0.4594561040412251
1895,200,0.47220557817807474
1896,200,0.46693076026035885
1897,200,0.44266730482083705
1898,200,0.44612509074086587
1899,200,0.45936915761198793
1900,200,0.45444451556213583
1901,200,0.45416591737982615
1902,200,0.4613513020394298
1903,200,0.4547528839461333
1904,200,0.4756412224341261
1905,200,0.4595903515109523
1906,200,0.482782136995109
1907,200,0.4766017613300456
1908,200,0.4771756143273868
1909,200,0.47397722172282536
1910,200,0.47197928864976557
1911,200,0.47664352071100685
1912,200,0.4700523655858548
1913,200,0.4652458077414885
1914,200,0.4740387700181361
1915,200,0.4745378065694003
1916,200,0.4853324735959302
1917,200,0.4816040070612167
1918,200,0.4805537535737472
1919,200,0.4747185406236486
1920,200,0.4702543582552921
1921,200,0.4592808588651002
1922,200,0.46872388975919693
1923,200,0.4726105328076773
1924,200,0.4819587293654913
1925,200,0.45646266759433624
1926,200,0.47033545078011957
1927,200,0.45220470418123737
1928,200,0.46613444799439463
1929,200,0.4804306763380013
1930,200,0.449360478599948
1931,200,0.463058464993365
1932,200,0.4554830600754881
1933,200,0.46622252162028716
1934,200,0.47108641400681356
1935,200,0.4733961282522398
1936,200,0.4830952961909155
1937,200,0.4891701960217626
1938,200,0.47556241211862926
1939,200,0.46750810421212624
1940,200,0.4736535619712236
1941,200,0.45171427226138355
1942,200,0.4534296564712193
1943,200,0.4539250657814382
1944,200,0.45063799342345545
1945,200,0.46680620593666583
1946,200,0.46107939676458887
1947,200,0.4645000309978773
1948,200,0.4818002604433376
1949,200,0.46170703981844696
1950,200,0.4625376503488583
1951,200,0.4786337108813737
1952,200,0.47328909604503777
1953,200,0.4737524477444732
1954,200,0.4774800010003025
1955,200,0.45235170838635075
1956,200,0.46236285680956246
1957,200,0.4711215967927534
1958,200,0.4765643326332626
1959,200,0.4623210181564132
1960,200,0.4704941859016625
1961,200,0.4658399381448815
1962,200,0.4562443452983206
1963,200,0.45058640055010163
1964,200,0.46945232683163624
1965,200,0.47301041889537443
1966,200,0.46217855471934777
1967,200,0.47341099233532996
1968,200,0.4540768841315597
1969,200,0.4630373927607492
1970,200,0.4525124775344689
1971,200,0.4510863928915799
1972,200,0.4703865063841427
1973,200,0.47687886445938943
1974,200,0.4547391651787366
1975,200,0.46880912514317064
1976,200,0.46073836521908096
1977,200,0.4850877395727691
1978,200,0.49039113652056715
1979,200,0.480253948376079
1980,200,0.48182740308510064
1981,200,0.4801994421231027
1982,200,0.476445532100453
1983,200,0.47241924864134904
1984,200,0.4661590065443016
1985,200,0.45662909281470093
1986,200,0.46667168484508
1987,200,0.4539342433788465
1988,200,0.46633723891436485
1989,200,0.46690548178314645
1990,200,0.47042309369274227
1991,200,0.4768055663905632
1992,200,0.46903792214655404
1993,200,0.46386964046583384
1994,200,0.4739915998854938
1995,200,0.46867002437492716
1996,200,0.4799439932237689
1997,200,0.48462128656693604
1998,200,0.4792123338245743
1999,200,0.45965903001265607
2000,200,0.46345491247019893
